{
  "N": 16,
  "T": 10,
  "sources": 2,
  "seed": 1,
  "visibility_mean": 0.24505438000481045,
  "visibilities": [
    0.0,
    0.9802175200192418,
    0.0,
    0.0
  ],
  "mutual_information_bits": 0.9999999999971146,
  "final_energy": 0.00035244254599489465,
  "detector_locations": [
    [
      4,
      4
    ],
    [
      12,
      4
    ],
    [
      4,
      12
    ],
    [
      12,
      12
    ]
  ],
  "source_locations": [
    [
      9,
      7
    ],
    [
      11,
      5
    ]
  ]
}