{
  "id": "atom.demo",
  "n": 8,
  "L": 4.0,
  "sigma": 0.7,
  "grid": [
    -4.0,
    -3.9686274509803923,
    -3.9372549019607845,
    -3.9058823529411764,
    -3.8745098039215686,
    -3.843137254901961,
    -3.8117647058823527,
    -3.780392156862745,
    -3.7490196078431373,
    -3.7176470588235295,
    -3.686274509803922,
    -3.6549019607843136,
    -3.623529411764706,
    -3.592156862745098,
    -3.56078431372549,
    -3.5294117647058822,
    -3.4980392156862745,
    -3.466666666666667,
    -3.435294117647059,
    -3.403921568627451,
    -3.372549019607843,
    -3.3411764705882354,
    -3.3098039215686272,
    -3.2784313725490195,
    -3.2470588235294118,
    -3.215686274509804,
    -3.1843137254901963,
    -3.152941176470588,
    -3.1215686274509804,
    -3.0901960784313727,
    -3.0588235294117645,
    -3.0274509803921568,
    -2.996078431372549,
    -2.9647058823529413,
    -2.9333333333333336,
    -2.9019607843137254,
    -2.8705882352941177,
    -2.83921568627451,
    -2.8078431372549018,
    -2.776470588235294,
    -2.7450980392156863,
    -2.7137254901960786,
    -2.682352941176471,
    -2.6509803921568627,
    -2.619607843137255,
    -2.588235294117647,
    -2.556862745098039,
    -2.5254901960784313,
    -2.4941176470588236,
    -2.462745098039216,
    -2.431372549019608,
    -2.4,
    -2.368627450980392,
    -2.3372549019607844,
    -2.3058823529411763,
    -2.2745098039215685,
    -2.243137254901961,
    -2.211764705882353,
    -2.1803921568627453,
    -2.149019607843137,
    -2.1176470588235294,
    -2.0862745098039217,
    -2.0549019607843135,
    -2.023529411764706,
    -1.992156862745098,
    -1.9607843137254903,
    -1.9294117647058826,
    -1.8980392156862744,
    -1.8666666666666667,
    -1.835294117647059,
    -1.8039215686274508,
    -1.772549019607843,
    -1.7411764705882353,
    -1.7098039215686276,
    -1.6784313725490199,
    -1.6470588235294117,
    -1.615686274509804,
    -1.5843137254901962,
    -1.552941176470588,
    -1.5215686274509803,
    -1.4901960784313726,
    -1.4588235294117649,
    -1.4274509803921571,
    -1.396078431372549,
    -1.3647058823529412,
    -1.3333333333333335,
    -1.3019607843137253,
    -1.2705882352941176,
    -1.2392156862745098,
    -1.207843137254902,
    -1.1764705882352944,
    -1.1450980392156862,
    -1.1137254901960785,
    -1.0823529411764707,
    -1.0509803921568626,
    -1.0196078431372548,
    -0.9882352941176471,
    -0.9568627450980394,
    -0.9254901960784316,
    -0.8941176470588235,
    -0.8627450980392157,
    -0.831372549019608,
    -0.7999999999999998,
    -0.7686274509803921,
    -0.7372549019607844,
    -0.7058823529411766,
    -0.6745098039215689,
    -0.6431372549019607,
    -0.611764705882353,
    -0.5803921568627453,
    -0.5490196078431371,
    -0.5176470588235293,
    -0.4862745098039216,
    -0.4549019607843139,
    -0.42352941176470615,
    -0.392156862745098,
    -0.36078431372549025,
    -0.3294117647058825,
    -0.29803921568627434,
    -0.2666666666666666,
    -0.23529411764705888,
    -0.20392156862745114,
    -0.1725490196078434,
    -0.14117647058823524,
    -0.1098039215686275,
    -0.07843137254901977,
    -0.0470588235294116,
    -0.015686274509803866,
    0.015686274509803866,
    0.0470588235294116,
    0.07843137254901933,
    0.10980392156862706,
    0.1411764705882348,
    0.1725490196078434,
    0.20392156862745114,
    0.23529411764705888,
    0.2666666666666666,
    0.29803921568627434,
    0.32941176470588207,
    0.3607843137254898,
    0.3921568627450984,
    0.42352941176470615,
    0.4549019607843139,
    0.4862745098039216,
    0.5176470588235293,
    0.5490196078431371,
    0.5803921568627448,
    0.6117647058823525,
    0.6431372549019603,
    0.6745098039215689,
    0.7058823529411766,
    0.7372549019607844,
    0.7686274509803921,
    0.7999999999999998,
    0.8313725490196076,
    0.8627450980392153,
    0.8941176470588239,
    0.9254901960784316,
    0.9568627450980394,
    0.9882352941176471,
    1.0196078431372548,
    1.0509803921568626,
    1.0823529411764703,
    1.113725490196078,
    1.1450980392156858,
    1.1764705882352944,
    1.207843137254902,
    1.2392156862745098,
    1.2705882352941176,
    1.3019607843137253,
    1.333333333333333,
    1.3647058823529408,
    1.3960784313725494,
    1.4274509803921571,
    1.4588235294117649,
    1.4901960784313726,
    1.5215686274509803,
    1.552941176470588,
    1.5843137254901958,
    1.6156862745098035,
    1.6470588235294112,
    1.6784313725490199,
    1.7098039215686276,
    1.7411764705882353,
    1.772549019607843,
    1.8039215686274508,
    1.8352941176470585,
    1.8666666666666663,
    1.8980392156862749,
    1.9294117647058826,
    1.9607843137254903,
    1.992156862745098,
    2.023529411764706,
    2.0549019607843135,
    2.0862745098039213,
    2.117647058823529,
    2.1490196078431367,
    2.1803921568627453,
    2.211764705882353,
    2.243137254901961,
    2.2745098039215685,
    2.3058823529411763,
    2.337254901960784,
    2.3686274509803917,
    2.4000000000000004,
    2.431372549019608,
    2.462745098039216,
    2.4941176470588236,
    2.5254901960784313,
    2.556862745098039,
    2.5882352941176467,
    2.6196078431372545,
    2.650980392156862,
    2.682352941176471,
    2.7137254901960786,
    2.7450980392156863,
    2.776470588235294,
    2.8078431372549018,
    2.8392156862745095,
    2.870588235294117,
    2.901960784313726,
    2.9333333333333336,
    2.9647058823529413,
    2.996078431372549,
    3.0274509803921568,
    3.0588235294117645,
    3.0901960784313722,
    3.12156862745098,
    3.1529411764705877,
    3.1843137254901963,
    3.215686274509804,
    3.2470588235294118,
    3.2784313725490195,
    3.3098039215686272,
    3.341176470588235,
    3.3725490196078427,
    3.4039215686274513,
    3.435294117647059,
    3.466666666666667,
    3.4980392156862745,
    3.5294117647058822,
    3.56078431372549,
    3.5921568627450977,
    3.6235294117647054,
    3.654901960784313,
    3.686274509803922,
    3.7176470588235295,
    3.7490196078431373,
    3.780392156862745,
    3.8117647058823527,
    3.8431372549019605,
    3.874509803921568,
    3.905882352941177,
    3.9372549019607845,
    3.9686274509803923,
    4.0
  ],