{
  "S": 2.8284271247461903,
  "terms": {
    "AB": 0.7071067811865475,
    "AB'": 0.7071067811865475,
    "A'B": 0.7071067811865477,
    "A'B'": -0.7071067811865475
  },
  "counts": {
    "AB": {
      "01": 3670,
      "00": 21306,
      "11": 21350,
      "10": 3674
    },
    "AB'": {
      "11": 21289,
      "00": 21350,
      "10": 3694,
      "01": 3667
    },
    "A'B": {
      "11": 21269,
      "10": 3706,
      "01": 3751,
      "00": 21274
    },
    "A'B'": {
      "11": 3672,
      "10": 21031,
      "01": 21618,
      "00": 3679
    }
  },
  "shots_per_setting": 50000,
  "noise": {
    "depol": 0.0
  }
}
