{
  "S": 2.291025971044414,
  "terms": {
    "AB": 0.5727564927611035,
    "AB'": 0.5727564927611035,
    "A'B": 0.5727564927611035,
    "A'B'": -0.5727564927611034
  },
  "counts": {
    "AB": {
      "01": 5309,
      "00": 19667,
      "11": 19714,
      "10": 5310
    },
    "AB'": {
      "11": 19657,
      "00": 19715,
      "10": 5326,
      "01": 5302
    },
    "A'B": {
      "11": 19622,
      "10": 5353,
      "01": 5435,
      "00": 19590
    },
    "A'B'": {
      "11": 5303,
      "10": 19400,
      "01": 19937,
      "00": 5360
    }
  },
  "shots_per_setting": 50000,
  "noise": {
    "depol": 0.1
  }
}
