{
  "atom": {
    "max": 0.025273113290713696,
    "mean": 0.003906250000000001,
    "min": 1.666604396470601e-16,
    "variance": 5.458404714223271e-05
  },
  "atom_mean": 0.003906250000000001,
  "atom_variance": 5.458404714223271e-05,
  "chsh": {
    "S": 2.8284271247461903,
    "shots_per_setting": 50000.0,
    "terms_mean": 0.3535533905932738
  },
  "chsh_S_value": 2.8284271247461903
}
