{
  "sequence": "AAAAAAAAA",
  "n_universes": 4,
  "best_overall_universe_id": "universe_000_cycle_4",
  "best_overall_energy": 4.600574209853363,
  "energy_mean": 6.389022634964136,
  "energy_std": 1.5910053204746035,
  "total_runtime_s": 2.30273175239563,
  "timestamp": 1768243560.47684,
  "universes": [
    {
      "universe_id": "universe_000_cycle_4",
      "seed": 58,
      "best_energy": 4.600574209853363,
      "final_energy": 5.630575792777824,
      "acceptance_rate": 0.363,
      "runtime_s": 0.2529897689819336,
      "metadata": {
        "steps": 1000,
        "t_start": 0.5599999999999998,
        "t_end": 0.19999999999999996
      }
    },
    {
      "universe_id": "universe_001_cycle_4",
      "seed": 59,
      "best_energy": 5.120249543164329,
      "final_energy": 5.775513987384034,
      "acceptance_rate": 0.37,
      "runtime_s": 0.2599177360534668,
      "metadata": {
        "steps": 1000,
        "t_start": 0.5599999999999998,
        "t_end": 0.19999999999999996
      }
    },
    {
      "universe_id": "universe_002_cycle_4",
      "seed": 60,
      "best_energy": 8.484888666478664,
      "final_energy": 8.756435975850643,
      "acceptance_rate": 0.346,
      "runtime_s": 0.27073192596435547,
      "metadata": {
        "steps": 1000,
        "t_start": 0.5599999999999998,
        "t_end": 0.19999999999999996
      }
    },
    {
      "universe_id": "universe_003_cycle_4",
      "seed": 61,
      "best_energy": 7.3503781203601894,
      "final_energy": 7.9976707585182085,
      "acceptance_rate": 0.349,
      "runtime_s": 0.1851646900177002,
      "metadata": {
        "steps": 1000,
        "t_start": 0.5599999999999998,
        "t_end": 0.19999999999999996
      }
    }
  ],
  "best_structure": {
    "sequence": "AAAAAAAAA",
    "coords": [
      [
        0.0,
        0.0,
        0.0
      ],
      [
        2.227371582588247,
        -2.0877324684188783,
        2.2627834570254293
      ],
      [
        1.5468115283975807,
        -1.1296013263785496,
        5.876482770373521
      ],
      [
        2.679912303866996,
        2.4778024384867687,
        5.498698824359222
      ],
      [
        5.953708456048961,
        2.0480209243794723,
        3.617862147746899
      ],
      [
        6.534431994711615,
        -1.1321149350797106,
        5.615234443295467
      ],
      [
        5.60943800174708,
        0.3107659901603985,
        9.006765181554808
      ],
      [
        7.6362935538744505,
        3.5230309052075572,
        8.891827431588412
      ],
      [
        10.229960073383209,
        2.2608759273831787,
        6.417992595239663
      ]
    ],
    "phi": [
      0.0,
      0.0,
      -1.0904978933137233,
      -0.8117617460115204,
      -0.6248432535660636,
      -0.8016970050143661,
      -0.8311128309085877,
      -0.434074828308179,
      0.0
    ],
    "psi": [
      0.0,
      -1.0904978933137233,
      -0.8117617460115204,
      -0.6248432535660636,
      -0.8016970050143661,
      -0.8311128309085877,
      -0.434074828308179,
      0.0,
      0.0
    ]
  }
}