{
  "sequence": "KKKEEEKK",
  "n_universes": 4,
  "best_overall_universe_id": "universe_001_cycle_4",
  "best_overall_energy": -1.6248568456606087,
  "energy_mean": 0.3225862874828358,
  "energy_std": 1.168759337047342,
  "total_runtime_s": 3.629943370819092,
  "timestamp": 1768243584.439266,
  "universes": [
    {
      "universe_id": "universe_001_cycle_4",
      "seed": 59,
      "best_energy": -1.6248568456606087,
      "final_energy": -0.27813122544104507,
      "acceptance_rate": 0.308,
      "runtime_s": 0.4083437919616699,
      "metadata": {
        "steps": 2000,
        "t_start": 0.5599999999999998,
        "t_end": 0.19999999999999996
      }
    },
    {
      "universe_id": "universe_000_cycle_4",
      "seed": 58,
      "best_energy": 0.8426556418759974,
      "final_energy": 1.701783632519398,
      "acceptance_rate": 0.36,
      "runtime_s": 0.4320206642150879,
      "metadata": {
        "steps": 2000,
        "t_start": 0.5599999999999998,
        "t_end": 0.19999999999999996
      }
    },
    {
      "universe_id": "universe_002_cycle_4",
      "seed": 60,
      "best_energy": 0.599072588224475,
      "final_energy": 2.5899285996284216,
      "acceptance_rate": 0.368,
      "runtime_s": 0.477367639541626,
      "metadata": {
        "steps": 2000,
        "t_start": 0.5599999999999998,
        "t_end": 0.19999999999999996
      }
    },
    {
      "universe_id": "universe_003_cycle_4",
      "seed": 61,
      "best_energy": 1.4734737654914796,
      "final_energy": 1.6454424316230907,
      "acceptance_rate": 0.365,
      "runtime_s": 0.3225288391113281,
      "metadata": {
        "steps": 2000,
        "t_start": 0.5599999999999998,
        "t_end": 0.19999999999999996
      }
    }
  ],
  "best_structure": {
    "sequence": "KKKEEEKK",
    "coords": [
      [
        0.0,
        0.0,
        0.0
      ],
      [
        3.31490812136935,
        -1.5542520030412872,
        -1.017686031112589
      ],
      [
        5.962537501081722,
        1.156338465246641,
        -1.305362900030648
      ],
      [
        3.6495745275798113,
        3.479100772076695,
        -3.2275953389356618
      ],
      [
        2.0791107417385746,
        0.8697669091670752,
        -5.500263438160514
      ],
      [
        5.30857094107265,
        -1.0456366310051524,
        -6.0849138458510605
      ],
      [
        7.114007917237587,
        2.293016250886782,
        -6.268745995735569
      ],
      [
        4.30098907434644,
        4.415647487481664,
        -7.690491972684723
      ]
    ],
    "phi": [
      0.0,
      0.0,
      -0.7894110516698949,
      -0.7273533830050992,
      -0.6933694619286036,
      -0.6899518964483458,
      -0.5370001838552835,
      0.0
    ],
    "psi": [
      0.0,
      -0.7894110516698949,
      -0.7273533830050992,
      -0.6933694619286036,
      -0.6899518964483458,
      -0.5370001838552835,
      0.0,
      0.0
    ]
  }
}