{
  "sequence": "AAAAAAAAA",
  "n_universes": 4,
  "best_overall_universe_id": "universe_002_cycle_4",
  "best_overall_energy": -2.6747015507434566e+24,
  "energy_mean": -6.68676679596303e+23,
  "energy_std": 1.1581789993593518e+24,
  "total_runtime_s": 4.892920017242432,
  "timestamp": 1768243546.1536758,
  "universes": [
    {
      "universe_id": "universe_001_cycle_4",
      "seed": 59,
      "best_energy": -4.540972424862376e+17,
      "final_energy": -4.540972424862376e+17,
      "acceptance_rate": 0.2215,
      "runtime_s": 0.538294792175293,
      "metadata": {
        "steps": 2000,
        "t_start": 0.5599999999999998,
        "t_end": 0.19999999999999996
      }
    },
    {
      "universe_id": "universe_000_cycle_4",
      "seed": 58,
      "best_energy": -4.712441889669596e+18,
      "final_energy": -4.712441889669596e+18,
      "acceptance_rate": 0.166,
      "runtime_s": 0.6288509368896484,
      "metadata": {
        "steps": 2000,
        "t_start": 0.5599999999999998,
        "t_end": 0.19999999999999996
      }
    },
    {
      "universe_id": "universe_002_cycle_4",
      "seed": 60,
      "best_energy": -2.6747015507434566e+24,
      "final_energy": -2.6747015507434566e+24,
      "acceptance_rate": 0.24,
      "runtime_s": 0.642641544342041,
      "metadata": {
        "steps": 2000,
        "t_start": 0.5599999999999998,
        "t_end": 0.19999999999999996
      }
    },
    {
      "universe_id": "universe_003_cycle_4",
      "seed": 61,
      "best_energy": -1102623578754820.0,
      "final_energy": -1102623578754820.0,
      "acceptance_rate": 0.1135,
      "runtime_s": 0.4451603889465332,
      "metadata": {
        "steps": 2000,
        "t_start": 0.5599999999999998,
        "t_end": 0.19999999999999996
      }
    }
  ],
  "best_structure": {
    "sequence": "AAAAAAAAA",
    "coords": [
      [
        0.0,
        0.0,
        0.0
      ],
      [
        -0.9616332389309464,
        -1.2641850361766547,
        -3.45211496159821
      ],
      [
        -3.0088483537399546,
        0.1260153617904717,
        -6.335906411614937
      ],
      [
        -1.3364852770372462,
        0.2876602517632012,
        -9.744289117419452
      ],
      [
        -0.4265724882399501,
        3.9528681836014075,
        -9.32202198257048
      ],
      [
        -1.9282521273993636,
        0.5222588463663228,
        -9.966907892332353
      ],
      [
        -3.0130244148606637,
        0.14048371279785032,
        -6.345096628372746
      ],
      [
        0.6757509625468177,
        0.9871390391074479,
        -6.6858472314002935
      ],
      [
        -3.0087354072753048,
        0.12572036039267687,
        -6.335821445841243
      ]
    ],
    "phi": [
      0.0,
      0.0,
      2.189794599278008,
      -1.704248298805182,
      -1.4908653834158547,
      1.4673252345182797,
      -0.9270420995453275,
      -2.1532541127644698,
      0.0
    ],
    "psi": [
      0.0,
      2.189794599278008,
      -1.704248298805182,
      -1.4908653834158547,
      1.4673252345182797,
      -0.9270420995453275,
      -2.1532541127644698,
      0.0,
      0.0
    ]
  }
}