{
  "id": "quantum.hadamard.test",
  "ts": 1761418830.2194624,
  "data": {
    "probs": [
      0.4999999999999999,
      0.4999999999999999
    ],
    "counts": {
      "0": 511,
      "1": 513
    }
  }
}
