{
  "experiment": "exotic_atom_floquet",
  "params": {
    "N": 5,
    "steps": 30,
    "dt": 0.05,
    "drive_amp": 1.0,
    "drive_freq": 2.0,
    "J_nn": 1.0,
    "J_lr": 0.5,
    "alpha": 1.5,
    "seed": 424242
  },
  "results": {
    "entanglement": [
      1.0710355316031013e-06,
      5.112250830967984e-05,
      0.00045576792538293043,
      0.002022580955087132,
      0.006077310075030666,
      0.014194946682807592,
      0.02777531022919462,
      0.04765733940853337,
      0.07391288163146688,
      0.10585457743181206,
      0.14220410512154025,
      0.18133038774988086,
      0.22147707726819052,
      0.26093164462076024,
      0.2981235686487287,
      0.3316650282827876,
      0.3603613354259311,
      0.38322169823917757,
      0.3994963500166877,
      0.40875545254205403,
      0.4110093381134096,
      0.4068492320523087,
      0.39756458592716676,
      0.3851730197978824,
      0.37229159895700276,
      0.3617908854998602,
      0.3561971576179848,
      0.35693650243955066,
      0.36386010208345654,
      0.3753953058471915
    ],
    "energies": [
      4.668730386472447,
      4.668498922518987,
      4.665796723067192,
      4.656132342426644,
      4.633642005099035,
      4.592212634022038,
      4.526613967099697,
      4.433424077228782,
      4.31160032283735,
      4.1626404549840235,
      3.9903681358888203,
      3.8004411472821977,
      3.599708534660234,
      3.3955367811710047,
      3.1951956130874137,
      3.0053552837099193,
      2.831711574308038,
      2.6787301394670213,
      2.549490862554297,
      2.445613954496711,
      2.367258285047695,
      2.313193326964372,
      2.280953582231854,
      2.267083974936088,
      2.2674740926865318,
      2.2777591803837467,
      2.293741179432249,
      2.311762217369414,
      2.328955837993983,
      2.343316042979354
    ],
    "drive": [
      1.0,
      0.9950041652780258,
      0.9800665778412416,
      0.955336489125606,
      0.9210609940028851,
      0.8775825618903728,
      0.8253356149096782,
      0.7648421872844884,
      0.6967067093471654,
      0.6216099682706644,
      0.5403023058681398,
      0.4535961214255773,
      0.3623577544766734,
      0.26749882862458735,
      0.16996714290024081,
      0.0707372016677029,
      -0.029199522301288815,
      -0.12884449429552486,
      -0.2272020946930871,
      -0.3232895668635036,
      -0.4161468365471424,
      -0.5048461045998576,
      -0.5885011172553458,
      -0.6662760212798244,
      -0.7373937155412458,
      -0.8011436155469337,
      -0.8568887533689473,
      -0.9040721420170612,
      -0.9422223406686583,
      -0.9709581651495907
    ],
    "last_z_expectations": [
      0.32690343440486835,
      0.6206162097005045,
      0.7862101241809032,
      0.9381509126661762,
      0.017785003647584063
    ],
    "artifacts": {
      "png": "artifacts/exotic_atom_density.png",
      "gif": "artifacts/exotic_atom_evolution.gif"
    }
  },
  "notes": "Floquet-driven, long-range random ZZ Hamiltonian rendered as a synthetic atom."
}